Sr,Name,Slug,Date,Quantity,Mrp,QuantityAndPrice,Weight,Orderby,Minqty,Maxqty,minStockQty,ProductType,Stock,HotSelling,Status
1,Lenovo Tiny 4th generation,lenovo-tiny-4th-generation,11-10-23,5,3599,",",1500,0,1,5,3,customize,Active,Inactive,Active
2,HP USFF 4th Generation,hp-usff-4th-generation,09-10-23,19,3699,",",3000,1,1,10,10,customize,Active,Inactive,Active
3,HP Tiny 4th Generation,hp-tiny-4th-generation,11-10-23,7,3799,",",1500,2,1,5,5,customize,Active,Inactive,Active
4,Dell Tiny 4th Generation,dell-tiny-4th-generation,30-03-24,5,3699,",",1500,2,1,10,5,customize,Active,Inactive,Active
5,HP SFF 6th Generaion,hp-sff-6th-generaion,10-10-23,10,3999,",",4000,3,1,10,3,customize,Active,Inactive,Active
6,Dell SFF 6th Generation,dell-sff-6th-generation,10-10-23,12,4099,",",4000,4,1,10,5,customize,Active,Inactive,Active
7,Dell Tiny 6th Generation,dell-tiny-6th-generation,10-10-23,4,4399,",",1500,5,1,10,0,customize,Active,Inactive,Inactive
8,Dell Tiny 6th Generation (Model 3040),dell-tiny-6th-generation-model-3040,26-10-23,10,3899,",",1500,5,1,20,11,customize,Active,Inactive,Active
9,Dell Tiny 6th/7th Generation(Model 3050),dell-tiny-7th-generationmodel-3050,25-11-23,4,3899,",",1500,5,1,20,5,customize,Active,Inactive,Active
10,Hp Tiny 6th/7th Generation,hp-tiny-6th7th-generation,11-10-23,1,3699,",",1500,7,1,10,3,customize,Active,Inactive,Active
11,HP SFF 6th/7th Generation,hp-sff-7th-generation,10-10-23,0,4299,",",4000,8,1,5,0,customize,Active,Inactive,Active
12,Dell SFF 6th/7th Generation,dell-sff-7th-generation,10-10-23,10,4299,",",4000,11,1,10,,customize,Active,Inactive,Active
13,Dell SFF 8th generation,dell-sff-8th-generation,21-10-23,0,7299,",",4000,13,1,10,,customize,Active,Inactive,Inactive
14,HP SFF 8th Generation,hp-sff-8th-generation,09-10-23,2,6999,",",5000,15,1,5,,customize,Active,Inactive,Active
15,Dell Tiny 8th/9th Generation,dell-tiny-9th-generation,10-10-23,2,6199,",",1500,25,1,5,,customize,Active,Inactive,Active
16,Dell SFF 8th/9th Generation (Model - 3070),dell-sff-8th9th-generation-model---3070,21-12-23,0,7999,",",4000,28,1,5,,customize,Active,Inactive,Inactive
17,Mantra MFS100 Finger Print Scanner,mantra-mfs100-finger-print-scanner,12-10-23,17,1949,"3:1925,5:1849,",200,101,1,20,,normal,Active,Active,Active
18,Mantra MFS 110 L1 Biometric Single Fingerprint Scanner,mantra-mfs-110-l1-biometric-single-fingerprint-scanner,18-01-24,2,2999,"3:2949,5:2849,",100,103,1,10,,normal,Active,Inactive,Active
19,Morpho E3 Finger Print Scanner,morpho-e3-finger-print-scanner,12-10-23,14,2999,"5:2949,10:2899,",50,105,1,20,,normal,Active,Active,Active
20,Morpho MSO 1300 E3 RD L1 ,morpho-mso-1300-e3-rd-l1-,09-12-23,12,3799,"3:3749,5:3699,",100,110,1,10,,normal,Active,Inactive,Active
21,Startek FM220U Finger printer scanner,startek-fm220u-finger-printer-scanner,18-10-23,0,2199,",",50,125,1,10,,normal,Active,Inactive,Inactive
22,Mantra MIS100V2 Single IRIS Scanner,mantra-mis100v2-single-iris-scanner,18-10-23,0,2999,",",150,140,1,5,,normal,Active,Inactive,Inactive
23,Geonix 128 GB Sata SSD,geonix-128-gb-sata-ssd,10-03-24,30,949,"5:925,10:899,",100,202,1,20,,normal,Active,Inactive,Active
24,Geonix 256 GB Sata SSD,geonix-256-gb-sata-ssd,10-03-24,46,1499,"5:1475,10:1449,",100,206,1,20,,normal,Active,Inactive,Active
25,Geonix 512 GB Sata SSD,geonix-512-gb-sata-ssd,10-03-24,20,2649,"2:2599,5:2549,",100,210,1,10,,normal,Active,Inactive,Active
26,Consistent 128 GB SATA SSD,consistent-128-gb-sata-ssd,12-10-23,24,925,"5:915,",100,215,1,50,,normal,Active,Active,Active
27,Consistent 256 GB Sata SSD,consistent-256-gb-sata-ssd,12-10-23,68,1449,"5:1425,",100,218,1,25,,normal,Active,Active,Active
28,Consistent 512 GB Sata SSD,consistent-512-gb-sata-ssd,12-10-23,10,2599,"3:2590,5:2575,",100,222,1,5,,normal,Active,Active,Active
29,Consistent 1 TB Sata SSD,consistent-1-tb-sata-ssd,12-10-23,2,4899,",",100,225,1,5,,normal,Active,Inactive,Active
30,Consistent 256 GB M.2 SSD,consistent-256-gb-m2-ssd,12-10-23,0,1299,",",100,240,1,1,,normal,Active,Inactive,Inactive
31,Zebronics 128 GB Sata SSD,zebronics-128-gb-sata-ssd,12-10-23,0,799,",",100,251,1,20,,normal,Active,Inactive,Inactive
32,Zebronics 256 GB Sata SSD,zebronics-256-gb-sata-ssd,12-10-23,0,1349,",",100,261,1,20,,normal,Active,Active,Inactive
33,Zebronics 512 GB Sata SSD,zebronics-512-gb-sata-ssd,12-10-23,0,2149,",",100,265,1,5,,normal,Active,Active,Inactive
34,EVM 128 GB Sata SSD,evm-128-gb-sata-ssd,28-10-23,44,949,"5:925,",50,268,1,40,,normal,Active,Inactive,Active
35,EVM 256 GB Sata SSD,evm-256-gb-sata-ssd,28-10-23,65,1499,"5:1475,",50,270,1,20,,normal,Active,Inactive,Active
36,EVM 512 GB Sata SSD,evm-512-gb-sata-ssd,28-10-23,8,2699,",",50,272,1,20,,normal,Active,Inactive,Active
37,EVM 256 GB NVME SSD,evm-256-gb-nvme-ssd,28-10-23,6,1799,",",30,274,1,10,,normal,Active,Inactive,Active
38,EVM 512 GB NVME SSD,evm-512-gb-nvme-ssd,28-10-23,8,2799,",",50,275,1,5,,normal,Active,Inactive,Active
39,WD Green 240 GB Sata SSD ,wd-green-240-gb-sata-ssd-,26-10-23,25,1849,",",100,276,1,20,,normal,Active,Inactive,Active
40,WD Green 480 GB Sata SSD ,wd-green-480-gb-sata-ssd-,26-10-23,12,2799,",",100,278,1,10,,normal,Active,Inactive,Active
41,WD Blue 250 GB Sata SSD,wd-blue-250-gb-sata-ssd,28-10-23,10,2899,",",50,280,1,5,,normal,Active,Inactive,Active
42,WD Blue 500 GB Sata SSD,wd-blue-500-gb-sata-ssd,26-10-23,2,3499,",",50,282,1,5,,normal,Active,Inactive,Active
43,WD Blue 1 TB Sata SSD,wd-blue-1-tb-sata-ssd,28-10-23,4,5899,",",50,284,1,5,,normal,Active,Inactive,Active
44,WD Blue 250 GB N.V.M.E,wd-blue-250-gb-nvme,28-10-23,6,2999,",",50,285,1,10,,normal,Active,Inactive,Active
45,WD Blue 500 GB N.V.M.E,wd-blue-500-gb-nvme,26-10-23,8,3499,",",50,288,1,5,,normal,Active,Inactive,Active
46,WD Blue 1 TB N.V.M.E,wd-blue-1-tb-nvme,28-10-23,4,5799,",",50,289,0,5,,normal,Active,Inactive,Active
47,Adata 256 GB Sata SSD SU650,adata-256-gb-sata-ssd-su650,26-10-23,7,1699,",",50,290,1,20,,normal,Active,Active,Active
48,Adata 256 GB N.V.M.E Legend 710,adata-256-gb-nvme-legend-710,26-10-23,7,2099,",",50,292,1,20,,normal,Active,Inactive,Active
49,Crucial Laptop Ram 8 GB DDR4 2666mhz,crucial-laptop-ram-8-gb-ddr4-2666mhz,13-10-23,14,1349,",",10,301,1,10,,normal,Active,Inactive,Active
50,Crucial Laptop Ram 8 GB DDR4 3200Mhz,crucial-laptop-ram-8-gb-ddr4-3200mhz,04-03-24,20,1599,"5:1549,",25,303,1,10,,normal,Active,Inactive,Active
51,Crucial Desktop RAM 8 GB DDR4 2666 Mhz,crucial-desktop-ram-8-gb-ddr4-2666-mhz,16-10-23,8,1349,",",20,305,1,10,,normal,Active,Inactive,Active
52,Crucial Desktop RAM 16 GB DDR4 2666 Mhz,crucial-desktop-ram-16-gb-ddr4-2666-mhz,04-03-24,9,2599,",",20,308,1,5,,normal,Active,Inactive,Active
53,AData 8 GB DDR4 Desktop RAM 2666 mhz,adata-8-gb-ddr4-desktop-ram-2666-mhz,03-11-23,46,1399,"5:1375,10:1350,",20,310,1,20,,normal,Active,Inactive,Active
54,AData 8 GB DDR4 Desktop RAM 3200 Mhz,adata-8-gb-ddr4-desktop-ram-3200-mhz,03-11-23,50,1599,",",20,315,1,20,,normal,Active,Inactive,Active
55,AData 8 GB DDR4 Laptop RAM 2666 mhz,adata-8-gb-ddr4-laptop-ram-2666-mhz,03-11-23,49,1399,"5:1375,10:1349,",20,320,1,20,,normal,Active,Inactive,Active
56,AData 8 GB DDR4 Laptop RAM 3200 Mhz,adata-8-gb-ddr4-laptop-ram-3200-mhz,03-11-23,12,1599,",",20,325,1,10,,normal,Active,Inactive,Active
57,AData 16 GB DDR4 Laptop RAM 2666 mhz,adata-16-gb-ddr4-laptop-ram-2666-mhz,03-11-23,20,2699,",",20,330,1,5,,normal,Active,Inactive,Active
58,AData 16 GB DDR4 Laptop RAM 3200 mhz,adata-16-gb-ddr4-laptop-ram-3200-mhz,03-11-23,19,2999,",",20,335,1,5,,normal,Active,Inactive,Active
59,RAM EVM 8 GB DDR4 LAPTOP 2666MHZ,ram-evm-8-gb-dd44-laptop-2666mhz,04-03-24,19,1299,"2:1249,5:1199,",20,337,1,10,,normal,Active,Inactive,Active
60,RAM EVM 8 GB DDR4 LAPTOP 3200Mhz,ram-evm-8-gb-dd44-laptop-3200mhz,04-03-24,20,1399,"5:1349,",20,339,1,10,,normal,Active,Inactive,Active
61,EVM 4 GB DDR3 Desktop RAM,evm-4-gb-ddr3-desktop-ram1333-mhz,28-10-23,14,525,"10:515,",20,340,3,25,,normal,Active,Inactive,Active
62,EVM 8 GB DDR3 Desktop RAM (1600Mhz),evm-8-gb-ddr3-desktop-ram-1600mhz,30-10-23,21,825,"3:799,",20,345,1,20,,normal,Active,Inactive,Active
63,EVM 8 GB DDR3 Laptop Ram 1600Mhz,evm-8-gb-ddr3-laptop-ram-1600mhz,28-10-23,45,799,",",10,350,1,25,,normal,Active,Inactive,Active
64,4 GB DDR3 Desktop RAM,4-gb-ddr3-desktop-ram,16-10-23,10,299,"10:290,20:280,",10,355,5,50,,normal,Active,Inactive,Active
65,8 GB DDR3 Desktop RAM,8-gb-ddr3-desktop-ram,16-10-23,32,649,"2:640,5:625,",15,360,1,20,,normal,Active,Inactive,Active
66,4 GB DDR3 Laptop RAM 12800S PC3L,4-gb-ddr3-laptop-ram-12800s-pc3l,16-10-23,40,299,"10:280,",10,365,5,50,,normal,Active,Inactive,Active
67,8 GB DDR3 Laptop RAM 12800S PC3L,8-gb-ddr3-laptop-ram-12800s-pc3l,16-10-23,20,649,"5:640,10:630,",10,370,1,20,,normal,Active,Inactive,Active
68,Zebronics FAN MSC200,zebronics-fan-msc200,15-10-23,0,145,"10:140,20:139,30:138,",200,401,5,50,,normal,Active,Inactive,Active
69,ZEBRONICS CSH01 2.5 SATA SSD Casing,zebronics-csh01-25-sata-ssd-casing,21-10-23,0,349,",",100,405,1,50,,normal,Active,Inactive,Active
70,Zebronics Projector Pixaplay 13,zebronics-projector-pixaplay-13,15-10-23,2,8499,",",2000,418,1,2,,normal,Active,Inactive,Active
71,Zebronics Projector Pixaplay 129,zebronics-projector-pixaplay-129,27-02-24,0,29900,",",2999,421,1,1,,normal,Active,Inactive,Active
72,ZEBRONICS (1.5 Meter) HDMI Cable,zebronics-15-meter-hdmi-cable,15-10-23,80,99,",",70,435,5,50,,normal,Active,Inactive,Active
73,ZEBRONICS Graphics Card GT610 1GB DDR3,zebronics-graphics-card-gt610-1gb-ddr3,15-10-23,7,1399,",",200,450,1,10,,normal,Active,Inactive,Active
74,Zebronics graphics card 2 GB DDR3 GT610,zebronics-graphics-card-2-gb-ddr3-gt610,21-10-23,6,1599,",",500,455,1,10,,normal,Active,Inactive,Active
75, ZEBRONICS Graphics Card GT730 4GB DDR3 ,-zebronics-graphics-card-gt730-4gb-ddr3-,15-10-23,7,2799,",",200,460,1,5,,normal,Active,Inactive,Active
76,ZEBRONICS Graphics Card GT1030 4GB DDR4,zebronics-graphics-card-gt1030-4gb-ddr4,15-10-23,2,6999,",",250,466,1,2,,normal,Active,Inactive,Active
77,Zebronics H61 Nvme Motherboard,zebronics-h61-nvme,15-10-23,2,1249,"3:1225,5:1199,",600,470,1,20,,normal,Active,Active,Active
78,Zebronics H81M2 Motherboard,zebronics-h81m2-motherboard,08-11-23,22,1999,"5:1975,",500,480,1,20,,normal,Active,Inactive,Active
79,Zebronics H110M2 Motherboard ,zebronics-h110m2-motherboard-,15-10-23,3,3300,",",600,490,1,10,,normal,Active,Inactive,Active
80,Zebronics H310-D4-M2 Motherboard,zebronics-h310-d4-m2-motherboard,07-02-24,7,3349,",",700,492,1,5,,normal,Active,Inactive,Active
81,Zeb-Alex Wired USB Optical Mouse,zeb-alex-wired-usb-optical-mouse,15-10-23,0,99,"10:95,",150,501,10,50,,normal,Active,Inactive,Active
82,Zeb-Rise Wired USB Optical Mouse,zeb-rise-wired-usb-optical-mouse,15-10-23,0,70,",",50,503,10,50,,normal,Active,Inactive,Inactive
83,Zebronics Zeb-Comfort+ Wired Mouse,zebronics-zeb-comfort-wired-mouse,15-10-23,0,69,"20:65,",60,505,10,50,,normal,Active,Inactive,Active
84,Zebronics Zeb-Power Plus USB Optical Mouse,zebronics-zeb-power-plus-usb-optical-mouse,21-12-23,10,119,"20:110,",125,508,10,50,,normal,Active,Inactive,Active
85,ZEBRONICS Zeb -Dash USB Wireless Optical Mouse,zebronics-zeb--dash-usb-wireless-optical-mouse,17-10-23,80,210,"10:205,20:199,",200,512,5,50,,normal,Active,Inactive,Active
86,ZEBRONICS WIRELESS MOUSE (RACE),zebronics-wireless-mouse-race,23-11-23,25,190,"10:185,20:180,",100,515,5,20,,normal,Active,Inactive,Inactive
87,Zebronics Zeb-Bold Wireless Optical Mouse,zebronics-zeb-bold-wireless-optical-mouse,17-10-23,30,210,"10:205,20:199,",50,518,5,25,,normal,Active,Inactive,Active
88,ZEBRONICS WIRELESS MOUSE (CHEETAH WHITE),zebronics-wireless-mouse-cheetah,23-11-23,100,349,"5:325,10:315,",100,521,1,20,,normal,Active,Inactive,Active
89,ZEBRONICS WIRELESS MOUSE (CHEETAH BLACK),zebronics-wireless-mouse-cheetah-black,23-11-23,97,349,"5:325,10:315,",100,524,1,20,,normal,Active,Inactive,Active
90,ZEBRONICS WIRELESS MOUSE (CHEETAH BLUE),zebronics-wireless-mouse-cheetah-blue,23-11-23,87,349,"5:325,10:315,",100,527,1,20,,normal,Active,Inactive,Active
91,ZEBRONICS WIRELESS MOUSE (AMAZE BLACK,zebronics-wireless-mouse-amaze-black,23-11-23,48,299,"5:290,10:275,",100,530,1,20,,normal,Active,Inactive,Active
92,ZEBRONICS WIRELESS MOUSE (HAZE BLACK),zebronics-wireless-mouse-haze-black,23-11-23,0,275,"5:265,10:259,",100,533,1,20,,normal,Active,Inactive,Inactive
93,ZEBRONICS WIRELESS MOUSE (HAZE BLUE),zebronics-wireless-mouse-haze-blue,23-11-23,0,275,"5:265,10:259,",100,536,1,20,,normal,Active,Inactive,Inactive
94,ZEBRONICS WIRELESS MOUSE (AKO BLACK),zebronics-wireless-mouse-ako-black,23-11-23,47,349,"5:340,10:325,",100,539,1,20,,normal,Active,Inactive,Active
95,Zebronics Shine Wireless Optical Mouse,zebronics-shine-wireless-optical-mouse,17-10-23,0,275,",",50,542,2,10,,normal,Active,Inactive,Inactive
96,Zebronics K35 USB keyboard,zebronics-k35-usb-keyboard,31-10-23,100,200,"10:190,20:180,",300,548,5,50,,normal,Active,Inactive,Active
97,Zebronics USB Combo Judwa 555 Black,zebronics-usb-combo-judwa-525-black,24-11-23,15,290,"10:280,20:275,",500,551,5,20,,normal,Active,Inactive,Active
98,Zebronics USB Combo Judwa 541 Blue,zebronics-usb-combo-judwa-541-blue,24-11-23,40,325,",",500,554,5,20,,normal,Active,Inactive,Active
99,Zebronics USB Combo Judwa 900B,zebronics-usb-combo-judwa-900b,24-11-23,11,650,"5:630,",500,557,2,10,,normal,Active,Inactive,Active
100, ZEBRONICS-Transformer gaming mouse,#NAME?,17-10-23,0,349,,100,560,1,10,,normal,Active,Inactive,Active
101,Zebronics Zeb-90HB Usb hub,zebronics-zeb-90hb-usb-hub,17-10-23,160,99,"20:95,",45,604,5,100,,normal,Active,Inactive,Active
102,Zebronics Zeb-100HB Usb hub,zebronics-zeb-100hb-usb-hub,17-10-23,50,235,"10:230,20:225,",50,615,5,50,,normal,Active,Inactive,Active
103,Zebronics Zeb-200HB Usb Hub 3.0,zebronics-zeb-200hb-usb-hub-30,17-10-23,41,349,"10:340,",50,625,2,20,,normal,Active,Inactive,Active
104, Zebronics 300HB 4 Port USB 3.0 Hub ,-zebronics-300hb-4-port-usb-30-hub-,18-10-23,43,359,"10:350,20:340,",50,630,1,25,,normal,Active,Inactive,Active
105,ZEB-USB150WF1 WiFi USB Mini Adapter,zeb-usb150wf1-wifi-usb-mini-adapter,17-10-23,24,150,"20:145,50:140,",20,640,5,50,,normal,Active,Inactive,Active
106,ZEBRONICS USB300WF1 MINI ADAPTER,zebronics-usb300wf1-mini-adapter,23-11-23,58,275,"5:265,10:255,",20,645,1,50,,normal,Active,Inactive,Active
107,Zeb-USB300WFD WiFi USB Adapter,zeb-usb300wfd-wifi-usb-adapter,17-10-23,9,350,",",40,660,2,10,,normal,Active,Inactive,Inactive
108,Zebronics BT100USB BT Audio receiver,zebronics-bt100usb-bt-audio-receiver,18-10-23,0,99,"10:95,",30,665,1,50,,normal,Active,Inactive,Active
109,ZEB-USB150WFBT WiFi & BT USB Adapter,zeb-usb150wfbt-wifi--bt-usb-adapter,18-10-23,0,399,",",25,668,1,20,,normal,Active,Inactive,Active
110,Zebronics Zeb Smart Cam 100 wifi camera,zebronics-zeb-smart-cam-100-wifi-camera,18-10-23,6,1249,",",100,670,1,10,,normal,Active,Active,Active
111,ZEB-NS1000 Foldable Laptop Stand,zeb-ns1000-foldable-laptop-stand,18-10-23,0,250,",",200,675,1,10,,normal,Active,Inactive,Active
112,ZEB-NS1500 Foldable Laptop Stand,zeb-ns1500-foldable-laptop-stand,18-10-23,0,300,",",200,680,1,10,,normal,Active,Inactive,Active
113,Zebronics Pluto 2.0 Speaker,zebronics-pluto-20-speaker,21-10-23,32,249,",",250,683,1,50,,normal,Active,Inactive,Active
114,Zebronics Igloo 2.0 USB Multimedia Speaker,zebronics-igloo-20-usb-multimedia-speaker,21-10-23,77,349,",",350,686,1,50,,normal,Active,Inactive,Active
115,Core i3-3rd gen processor,core-i3-3rd-gen-processor,18-10-23,45,525,"5:499,10:480,",25,703,1,20,,normal,Active,Inactive,Active
116,Core i3-4th gen processor,core-i3-4th-gen-processor,19-10-23,51,425,"5:399,10:385,",25,706,1,25,,normal,Active,Inactive,Active
117,Core i3-6th gen processor,core-i3-6th-gen-processor,19-10-23,7,1549,"3:1525,5:1499,",25,710,1,25,,normal,Active,Inactive,Active
118,Core i3-7th gen processor,core-i3-7th-gen-processor,19-10-23,5,1649,"3:1635,5:1620,",25,725,1,10,,normal,Active,Inactive,Active
119,Core i3-8th gen processor,core-i3-8th-gen-processor,19-10-23,7,2849,",",30,740,1,10,,normal,Active,Inactive,Active
120,Core i3-9th gen processor,core-i3-9th-gen-processor,19-10-23,9,4599,",",30,760,1,5,,normal,Active,Inactive,Active
121,Core i5-3rd gen processor,core-i5-3rd-gen-processor,19-10-23,4,1249,"3:1199,",25,776,1,10,,normal,Active,Inactive,Active
122,Core i5-4th gen processor,core-i5-4th-gen-processor,19-10-23,38,1649,"3:1635,5:1620,",25,782,1,25,,normal,Active,Inactive,Active
123,Core i5-6th gen processor,core-i5-6th-gen-processor,19-10-23,9,3049,"3:3025,5:2999,",25,785,1,10,,normal,Active,Inactive,Active
124,Core i5-7th gen processor,core-i5-7th-gen-processor,19-10-23,19,4199,",",25,788,1,10,,normal,Active,Inactive,Active
125,Core i5-8th gen processor,core-i5-8th-gen-processor,19-10-23,10,5899,",",25,792,1,10,,normal,Active,Inactive,Active
126,Core i7-4th gen processor,core-i7-4th-gen-processor,19-10-23,3,3249,",",25,796,1,10,,normal,Active,Inactive,Active
127,Core i7-6th Gen processor,core-i7-6th-gen-processor,19-10-23,2,8499,",",25,797,1,10,,normal,Active,Inactive,Active
128,EVM 32GB Metal USB 2.0 Pen Drive,evm-32gb-metal-usb-20-pen-drive,05-04-24,35,249,"10:240,20:230,",20,1002,5,50,,normal,Active,Inactive,Active
129,EVM 64GB Metal USB 2.0 Pen Drive,evm-64gb-metal-usb-20-pen-drive,05-04-24,40,300,"10:285,20:275,",20,1005,5,25,,normal,Active,Inactive,Active
130,SanDisk Cruzer Blade 32GB USB Flash Drive,sandisk-32-gb-pen-drive,19-10-23,26,299,"10:295,",20,1006,5,50,,normal,Active,Inactive,Active
131,SanDisk Cruzer Blade 64 GB USB Flash Drive,sandisk-cruzer-blade-64-gb-usb-flash-drive,19-10-23,75,399,"5:385,10:380,",20,1008,5,50,,normal,Active,Inactive,Active
132,SanDisk Ultra CZ48 32GB USB 3.0 Pen Drive,sandisk-ultra-cz48-32gb-usb-30-pen-drive,19-10-23,41,399,"5:395,10:390,",40,1010,2,25,,normal,Active,Inactive,Active
133,SanDisk Ultra CZ48 64 GB USB 3.0 Pen Drive,sandisk-ultra-64-gb-usb-30-pen-drive,19-10-23,34,449,"5:430,",25,1015,1,25,,normal,Active,Inactive,Active
134,SanDisk Ultra CZ48 128 GB USB 3.0 Pen Drive,sandisk-ultra-128-gb-usb-30-pen-drive,19-10-23,13,799,"3:779,5:760,",50,1020,1,10,,normal,Active,Inactive,Active
135,SanDisk Ultra CZ73 32GB USB 3.0 Pen Drive,sandisk-ultra-cz73-32gb-usb-30-pen-drive,19-10-23,0,399,"5:385,",25,1025,1,20,,normal,Active,Inactive,Active
136,SanDisk Ultra CZ73 64 GB USB 3.0 Pen Drive,sandisk-ultra-cz73-64-gb-usb-30-pen-drive,19-10-23,10,469,"5:455,",30,1040,1,20,,normal,Active,Inactive,Active
137,SanDisk Ultra CZ73 128 GB USB 3.0 Pen Drive,sandisk-ultra-cz73-128-gb-usb-30-pen-drive,19-10-23,31,799,"3:779,5:760,",25,1048,1,20,,normal,Active,Inactive,Active
138,SanDisk Ultra Dual Drive Go USB Type C 32 GB,sandisk-ultra-dual-drive-go-usb-type-c-32-gb,20-10-23,5,575,",",25,1052,1,3,,normal,Active,Inactive,Active
139,SanDisk Ultra Dual Drive Go USB Type C 64 GB,sandisk-ultra-dual-drive-go-usb-type-c-64-gb,20-10-23,15,649,",",25,1056,1,4,,normal,Active,Inactive,Active
140,SanDisk Ultra Dual Drive Luxe USB Type C 32 GB,sandisk-ultra-dual-drive-luxe-usb-type-c-32-gb,19-10-23,5,625,",",30,1060,1,5,,normal,Active,Inactive,Active
141,SanDisk Ultra Dual Drive Luxe USB Type C 64 GB,sandisk-ultra-dual-drive-luxe-usb-type-c-64-gb,19-10-23,18,799,",",25,1065,1,10,,normal,Active,Inactive,Active
142,HP v236w 32GB USB 2.0 Pen Drive,hp-v236w-32gb-usb-20-pen-drive,21-10-23,50,319,"10:315,20:305,",25,1075,5,50,,normal,Active,Inactive,Active
143,HP v236w USB 2.0 64GB Pen Drive,hp-v236w-usb-20-64gb-pen-drive,21-10-23,5,399,"5:380,10:365,",25,1080,2,50,,normal,Active,Inactive,Active
144,HP USB 3.2 Pen Drive 32 GB x779w,hp-usb-30-pen-drive-32-gb-x796w,21-10-23,60,370,"10:355,",25,1088,3,50,,normal,Active,Inactive,Active
145,HP USB 3.2 Flash Drive 64 GB x779w,hp-usb-30-flash-drive-64-gb-x796w,21-10-23,34,475,"5:470,10:460,",25,1092,2,20,,normal,Active,Inactive,Active
146,HP USB 3.2 Light Golden Pen Drive 128 GB X779w,hp-usb-32-light-golden-pen-drive-128-gb-x779w,21-10-23,6,849,"5:825,",25,1092,1,10,,normal,Active,Inactive,Active
147,HP 128 GB X796W 3.1 Pen Drive,hp-128-gb-x796w-31-pen-drive,01-03-24,0,799,",",20,1094,1,10,,normal,Active,Inactive,Active
148,WD 1 TB Elements Portable Hard Disk Drive,wd-1-tb-elements-portable-hard-disk-drive-usb-30,28-10-23,15,4999,",",400,1201,1,10,,normal,Active,Inactive,Active
149,Western Digital WD 2TB Elements Portable Hard Disk Drive,western-digital-wd-2tb-elements-portable-hard-disk-drive,28-10-23,17,6349,",",400,1205,1,5,,normal,Active,Inactive,Active
150,WD 4 TB Elements Portable Hard Disk Drive,wd-4-tb-elements-portable-hard-disk-drive,22-11-23,3,9499,",",400,1207,1,5,,normal,Active,Inactive,Active
151,WD 1 TB My Passport Portable Hard Disk Drive,wd-1-tb-my-passport-portable-hard-disk-drive,28-10-23,10,5199,",",400,1210,1,5,,normal,Active,Inactive,Active
152,WD 2 TB My Passport Portable Hard Disk Drive,wd-2-tb-my-passport-portable-hard-disk-drive,28-10-23,9,6399,",",400,1213,1,5,,normal,Active,Inactive,Active
153,WD 4 TB My Passport Portable Hard Disk Drive,wd-4-tb-my-passport-portable-hard-disk-drive,22-11-23,4,9799,",",400,1216,1,5,,normal,Active,Inactive,Active
154,Seagate One Touch 1 TB External HDD,seagate-one-touch-1-tb-external-hdd,22-11-23,10,5249,",",400,1219,1,5,,normal,Active,Inactive,Active
155,Seagate One Touch 2 TB External HDD,seagate-one-touch-2-tb-external-hdd,22-11-23,9,6749,",",400,1222,1,5,,normal,Active,Inactive,Active
156,Consistent 500 GB SATA Hard Disk ,consistent-500-gb-sata-hard-disk-,13-12-23,21,799,"5:775,10:749,",500,1225,1,20,,normal,Active,Inactive,Inactive
157,Consistent 1 TB SATA Hard Disk ,consistent-1-tb-sata-hard-disk-,13-12-23,17,2099,"5:1999,",500,1228,1,20,,normal,Active,Inactive,Active
158,WD 1 TB Purple Sata HDD,wd-1-tb-purple-sata-hdd,23-02-24,44,3599,",",400,1235,1,20,,normal,Active,Inactive,Active
159,WD 2 TB Purple Sata HDD,wd-2-tb-purple-sata-hdd,23-02-24,43,4799,",",400,1238,1,20,,normal,Active,Inactive,Active
160,WD 4 TB Purple Sata HDD,wd-4-tb-purple-sata-hdd,23-02-24,17,7999,",",400,1241,1,10,,normal,Active,Inactive,Active
161,Zebronics Toner 12A,zebronics-toner-12a,31-10-23,60,299,"5:290,10:280,20:270,",500,1302,5,100,,normal,Active,Inactive,Active
162,Zebronics Toner 88A,zebronics-toner-88a,31-10-23,342,299,"10:280,20:270,",500,1305,5,100,,normal,Active,Active,Active
163,Zebronics Toner 337,zebronics-toner-337,31-10-23,418,299,"5:290,10:280,20:270,",500,1308,5,100,,normal,Active,Inactive,Active
164,Zebronics Toner 925,zebronics-toner-925,31-10-23,100,299,"10:290,20:280,",500,1310,5,100,,normal,Active,Inactive,Active
165,Zebronics Toner 78A,zebronics-toner-78a,02-11-23,25,299,"10:290,20:280,",400,1313,5,20,,normal,Active,Inactive,Active
166,Zebronics Toner 110A,zebronics-toner-110a,31-10-23,0,750,"5:725,",500,1315,1,5,,normal,Active,Inactive,Inactive
167,Zebronics USB Headphone Supreme,zebronics-usb-headphone-supreme,04-11-23,94,510,"10:500,",250,1325,1,50,,normal,Active,Inactive,Active
168,Zebronics 8 Channel SMPS,zebronics-8-channel-smps,11-03-24,31,399,"5:390,10:375,",200,2002,1,20,,normal,Active,Inactive,Active
169,Hikvision 2MP ECO Dome Camera(DS-2CE5AD0T-ITP),hikvision-2mp-eco-dome-camera,26-11-23,117,890,"4:870,10:850,",100,2005,1,50,,normal,Active,Inactive,Active
170,Hikvision 2MP ECO Bullet Camera(DS-2CE1AD0T-ITP),hikvision-2mp-eco-bullet-camera,26-11-23,139,940,"4:920,10:905,",100,2010,1,50,,normal,Active,Inactive,Active
171,HIKVISION 4CH ECO DVR(DS-7104HGHI-K1),hikvision-4ch-eco,26-11-23,5,2260,"2:2235,5:2199,",650,2015,1,20,,normal,Active,Inactive,Active
172,HIKVISION 8 CH ECO DVR(DS-7108HGHI-K1),hikvision-8-ch-eco-dvr,26-11-23,32,3240,"3:3215,5:3199,",700,2020,1,10,,normal,Active,Inactive,Active
173,HIKVISION 16 CH ECO DVR(DS-7116HGHI-K1),hikvision-16-ch-eco,26-11-23,11,5499,"2:5449,",700,2025,1,10,,normal,Active,Inactive,Active
174,Hikvision 2MP Regular Dome Camera with Audio(DS-2CE76D0T-ITPFS),hikvision-2mp-regular-dome-camera,27-11-23,154,999,"5:949,",100,2030,1,40,,normal,Active,Inactive,Active
175,Hikvision 2MP Regular Bullet Camera with Audio(DS-2CE16D0T-ITPFS),hikvision-2mp-regular-bullet-camera-with-audio,27-11-23,142,1099,"5:1060,",150,2035,1,40,,normal,Active,Inactive,Active
176,Hikvision 2MP Smart Hybrid Light Dome Camera ( DS-2CE76D0T-LPFS),hikvision-2mp-smart-hybrid-light-dome-camera--ds-2ce76d0t-lpfs,03-02-24,51,1149,"5:1135,",100,2038,1,40,,normal,Active,Inactive,Active
177,Hikvision 2MP Smart Hybrid Light Bullet Camera ( DS-2CE16D0T-LPFS),hikvision-2mp-smart-hybrid-light-bullet-camera--ds-2ce76d0t-lpfs,03-02-24,81,1199,"5:1185,",100,2041,1,40,,normal,Active,Inactive,Active
178,Hikvision 2MP ColorVu Dome Camera (ds-2ce70df0t-pf),hikvision-2mp-colorvu-dome-camera,28-11-23,3,1575,"5:1565,10:1549,",100,2048,1,20,,normal,Active,Inactive,Inactive
179,Hikvision 2MP ColorVu Dome Camera with Audio (DS-2CE70DF0T-PFS),hikvision-2mp-colorvu-dome-camera-with-audio-ds-2ce70df0t-pfs,31-01-24,30,1625,"5:1599,10:1575,",150,2050,1,20,,normal,Active,Inactive,Active
180,Hikvision 2MP ColorVu Bullet Camera (DS-2CE10DF0T-PFS),hikvision-2mp-colorvu-bullet-camera,28-11-23,23,1650,"5:1640,10:1625,",150,2051,1,40,,normal,Active,Inactive,Active
181,HIKVISION 4CH REGULAR DVR (IDS-7104HQHI-M1/S),hikvision-4ch-regular-dvr,27-11-23,41,3499,",",700,2055,1,10,,normal,Active,Inactive,Active
182,HIKVISION 8 CH REGULAR DVR (IDS-7108HQHI-M1/S),hikvision-8-ch-regular-dvr,27-11-23,46,5049,",",700,2060,1,10,,normal,Active,Inactive,Active
183,HIKVISION 16 CH REGULAR DVR (IDS-7116HQHI-M1/S),hikvision-16-ch-regular-dvr-ids-7116hqhi-m1s,02-02-24,20,8799,",",800,2062,1,10,,normal,Active,Inactive,Active
184,Hikvision 5 MP Dome Camera with Audio (ds-2ce76h0t-itpfs),hikvision-5-mp-dome-camera-with-audio,28-11-23,83,1275,"5:1260,10:1250,",100,2063,1,40,,normal,Active,Inactive,Active
185,Hikvision 5 MP Bullet Camera with Audio (ds-2ce16h0t-itpfs),hikvision-5-mp-bullet-camera-with-audio,28-11-23,79,1375,"5:1360,10:1350,",150,2065,1,40,,normal,Active,Inactive,Active
186,Hikvision 5MP Smart Hybrid Light Dome Camera ( DS-2CE76K0T-LPFS),hikvision-5mp-smart-hybrid-light-dome-camera--ds-2ce76k0t-lpfs,03-02-24,88,1499,"5:1449,",100,2067,1,40,,normal,Active,Inactive,Active
187,Hikvision 5MP Smart Hybrid Light Bullet Camera ( DS-2CE16K0T-LPFS),hikvision-5mp-smart-hybrid-light-bullet-camera--ds-2ce16k0t-lpfs,03-02-24,94,1549,"5:1525,",100,2069,1,40,,normal,Active,Inactive,Active
188,Hikvision 5MP ColorVu (3K) Dome Camera(Audio) (ds-2ce70kf0t-pfs),hikvision-5mp-3k-dome-camera-with-audio,28-11-23,49,2099,"5:2049,",100,2070,1,20,,normal,Active,Inactive,Active
189,Hikvision 5MP ColorVu (3K) Bullet Camera with Audio (ds-2ce10kf0t-pfs),hikvision-5mp-colorvu-3k-bullet-camera-with-audio,28-11-23,50,2149,"5:2099,",150,2072,1,20,,normal,Active,Inactive,Active
190,Hikvision 4 Ch 5mp DVR (IDS-7204HUHI-M1/FA,hikvision-4-ch-5mp-dvr-ids-7204huhi-m1fa,19-12-23,10,4999,",",1720,2077,1,4,,normal,Active,Inactive,Active
191,Hikvision 8 Ch 5mp DVR (IDS-7208HUHI-M1/FA,hikvision-8-ch-5mp-dvr-ids-7208huhi-m1fa,19-12-23,9,7999,",",1750,2078,1,4,,normal,Active,Inactive,Active
192,HIKVISION 16 Channel DVR UPTO 8 MP [iDS-7216HUHI-M2/S],hikvision-16-channel-dvr-upto-8-mp-ids-7216huhi-m2s,02-02-24,10,16499,",",1500,2079,1,5,,normal,Active,Inactive,Active
193,Hikvision 2MP IP Dome Camera (ds-2cd1323g0e-i),hikvision-2mp-ip-dome-camera,28-11-23,44,2099,"5:2049,",150,2080,1,20,,normal,Active,Inactive,Active
194,Hikvision 2MP IP Bullet Camera(ds-2cd1023g0e-i),hikvision-2mp-ip-bullet-camera,28-11-23,40,2149,"5:2099,",150,2081,1,20,,normal,Active,Inactive,Active
195,Hikvision 2MP IP Hybrid Color Bullet Camera (DS-2CD1023G2-LIU),hikvision-2mp-ip-hybrid-color-bullet-camera-ds-2cd1023g2-liu,31-01-24,38,2449,"5:2425,",300,2082,1,20,,normal,Active,Inactive,Active
196,Hikvision 4 MP IP Dome Camera(ds-2cd1343go-i),hikvision-4-mp-ip-dome-camera,28-11-23,48,3399,"5:3349,",150,2083,1,20,,normal,Active,Inactive,Active
197,Hikvision 4 MP IP Bullet Camera (ds-2cd1043go-i),hikvision-4-mp-ip-bullet-camera,28-11-23,48,3449,"5:3425,",200,2086,1,20,,normal,Active,Inactive,Active
198,Hikvision 4MP IP Hybrid Color Bullet Camera (DS-2CD1043G2-LIU),hikvision-4mp-ip-hybrid-color-bullet-camera-ds-2cd1043g2-liu,31-01-24,40,3899,"5:3875,",300,2090,1,20,,normal,Active,Inactive,Active
199,HIKVISION 8 Channel NVR 2MP (DS-7608NI-Q1),hikvision-8-channel-nvr-2mp-ds-7608ni-q1,02-02-24,9,5399,",",900,2092,1,5,,normal,Active,Inactive,Active
200,HIKVISION 16 Channel NVR 2MP (DS-7616NI-Q1),hikvision-16-channel-nvr-2mp-ds-7616ni-q1,02-02-24,9,6199,",",900,2094,1,5,,normal,Active,Inactive,Active
201,HIKVISION 16 Channel NVR 5 MP (DS-7616NXI-K1),hikvision-16-channel-nvr-5-mp-ds-7616nxi-k1,02-02-24,10,8599,",",900,2096,1,5,,normal,Active,Inactive,Active
202,HIKVISION 32 Channel NVR 5 MP (DS-7632NXI-K2),hikvision-32-channel-nvr-5-mp-ds-7632nxi-k2,02-02-24,10,13999,",",1500,2098,1,5,,normal,Active,Inactive,Active
203,"EZVIZ C6N/TY1, 2MP(1080p) WiFi Smart Home Security Camera",ezviz-c6n-1080p-wifi-smart-home-security-camera,14-12-23,13,1749,"5:1699,",250,2099,1,10,,normal,Active,Inactive,Active
204,"EZVIZ C6N, 4MP(1080p) WiFi Smart Home Security Camera",ezviz-c6n-4mp1080p-wifi-smart-home-security-camera,20-01-24,5,2699,",",500,2100,1,5,,normal,Active,Inactive,Active
205,FINGERS MEGAHIT-WIRED MOUSE,fingers-megahit-wired-mouse,09-12-23,9,170,"5:160,10:155,",75,2102,2,25,,normal,Active,Inactive,Active
206,Ezviz 2 MP C3WN Outdoor Smart 1080p Full HD,ezviz-2-mp-c3wn-outdoor-smart-1080p-full-hd,14-12-23,19,2599,"2:2549,3:2499,",300,2102,1,10,,normal,Active,Inactive,Active
207,Ezviz H8C 4MP Outdoor Pan & Tilt Wi-Fi Camera|Color Night Vision,ezviz-h8c-4mp-outdoor-pan--tilt-wi-fi-cameracolor-night-vision,14-12-23,10,4699,"2:4599,",450,2104,1,5,,normal,Active,Inactive,Active
208,FINGERS SUPERHIT-WIRED MOUSE,fingers-superhit-wired-mouse,09-12-23,0,185,"5:175,",75,2105,2,10,,normal,Inactive,Inactive,Inactive
209,FINGERS AEROGRIP-WIRELESS MOUSE,fingers-aerogrip-wireless-mouse,09-12-23,3,399,"5:390,",100,2108,2,20,,normal,Active,Inactive,Active
210,FINGERS AIRYCLICKS-WIRED KEYBOARD,fingers-airyclicks-wired-keyboard,09-12-23,43,399,"5:385,10:375,",500,2111,1,20,,normal,Inactive,Inactive,Inactive
211,FINGERS BUTTERCLICKS-WIRED KEYBOARD,fingers-butterclicks-wired-keyboard,09-12-23,45,399,"5:385,10:375,",500,2114,1,20,,normal,Inactive,Inactive,Inactive
212,FINGERS FABCLICK-WIRED KEYBOARD,fingers-fabclick-wired-keyboard,09-12-23,3,299,"5:280,",500,2116,1,20,,normal,Active,Inactive,Inactive
213,FINGERS CHEESY - WIRED COMBO,fingers-cheesy---wired-combo,09-12-23,24,549,"5:525,",500,2118,1,20,,normal,Active,Inactive,Active
214,FINGERS MARVELCOMBO-WIRED COMBO,fingers-marvelcombo-wired-combo,09-12-23,2,425,"5:410,",500,2120,1,20,,normal,Active,Inactive,Inactive
215,FINGERS AEROCLICKS-WIRELESS COMBO,fingers-aeroclicks-wireless-combo,09-12-23,21,875,"5:850,",700,2122,1,20,,normal,Active,Inactive,Active
216,FINGERS STELLARCOMBO—WIRELESS COMBO,fingers-stellarcombowireless-combo,09-12-23,0,775,"5:750,",700,2124,1,10,,normal,Active,Inactive,Inactive
217,Fingers Wired Headphone F10,fingers-wired-headphone-f10,08-12-23,12,499,"5:480,",200,2125,1,10,,normal,Active,Inactive,Active
218,Fingers Wired Headphone S10,fingers-wired-headphone-s10,08-12-23,6,499,"5:480,",200,2127,1,10,,normal,Active,Inactive,Active
219,Fingers Bluetooth Headphone Rock & Roll H2,fingers-bluetooth-headphone-rock--roll-h2,08-12-23,6,799,"5:775,",200,2129,1,10,,normal,Active,Inactive,Active
220,FINGERS Quadrant 4-Port USB Hub(2.0),fingers-quadrant-4-port-usb-hub20,08-12-23,6,349,"5:335,",100,2131,1,20,,normal,Active,Inactive,Active
221,FINGERS GIGANET(USB TO GIGA LAN),fingers-giganetusb-to-giga-lan,08-12-23,0,745,",",50,2134,1,5,,normal,Inactive,Inactive,Inactive
222,FINGERS GIGASPEED(TYPE-C TO GIGA LAN),fingers-gigaspeedtype-c-to-giga-lan,08-12-23,1,745,",",50,2137,1,5,,normal,Active,Inactive,Active
223,FINGERS SWIFTCONNECT (USB TO LAN),fingers-swiftconnect-usb-to-lan,08-12-23,7,259,"5:255,",50,2140,1,10,,normal,Active,Inactive,Active
224,FINGERS ULTIMODOCK 5-IN-1,fingers-ultimodock-5-in-1,08-12-23,2,1345,",",100,2145,1,5,,normal,Active,Inactive,Active
225,FINGERS WIFI ADAPTOR FWF150,fingers-wifi-adaptor-fwf150,09-12-23,0,249,"5:235,",30,2148,1,20,,normal,Inactive,Inactive,Inactive
226,FINGERS WIFI ADAPTOR FWF300ADAPTOR,fingers-wifi-adaptor-fwf300adaptor-fwf150,09-12-23,0,339,"5:325,",25,2151,1,20,,normal,Inactive,Inactive,Inactive
227,FINGERS MINI MOT (MY-OWN-TV) PORTABLE SPEAKER,fingers-mini-mot-my-own-tv-portable-speaker,09-12-23,1,699,",",300,2154,1,5,,normal,Active,Inactive,Active
228,FINGERS SOLOKARAOKE Bluetooth Portable Speaker with MIC,fingers-solokaraoke-bluetooth-portable-speaker-with-mic,09-12-23,0,1175,",",500,2158,1,5,,normal,Inactive,Inactive,Inactive
229,FINGERS SOUNDPOWER-20 BT PORTABLE SPEAKER,fingers-soundpower-20-bt-portable-speaker,09-12-23,4,1350,",",150,2161,1,5,,normal,Active,Inactive,Active
230,FINGERS SWAG5 BT PORTABLE SPEAKER,fingers-swag5-bt-portable-speaker,09-12-23,4,1299,",",1250,2164,1,2,,normal,Active,Inactive,Active
231,FINGERS SolarHunk2 BT Portable Speaker,fingers-solarhunk2-bt-portable-speaker,09-12-23,3,925,",",450,2166,1,5,,normal,Active,Inactive,Active
232,iBall Style36 USB Mouse,iball-style36-usb-mouse,03-02-24,24,199,"5:195,10:185,",80,2210,2,20,,normal,Active,Inactive,Active
233,iBall Free Go G25 Wireless Mouse,iball-free-go-g25-wireless-mouse,03-02-24,30,375,"5:349,",100,2214,1,20,,normal,Active,Inactive,Active
234,iBall Cute Wireless Mouse,iball-cute-wireless-mouse,08-03-24,18,375,"5:349,",150,2216,2,20,,normal,Active,Inactive,Active
235,iBall Palmz Wireless+BT Mouse,iball-palmz-wirelessbt-mouse,12-03-24,15,625,"5:599,",150,2218,1,10,,normal,Active,Inactive,Active
236,iBall Ergo Wireless Mouse,iball-ergo-wireless-mouse,12-03-24,19,649,"5:625,",150,2220,1,10,,normal,Active,Inactive,Active
237,iBall SNAP USB Keybaord,iball-snap-usb-keybaord,03-02-24,20,349,",",300,2222,2,10,,normal,Active,Inactive,Active
238,iBall Winner USB Keybaord,iball-winner-usb-keybaord,03-02-24,2,399,",",300,2224,2,10,,normal,Active,Inactive,Active
239,Iball Wintop KB+Mouse Combo,iball-wintop-kbmouse-combo,07-02-24,29,510,",",500,2226,2,20,,normal,Active,Inactive,Active
240,iBall Mint i5 Wireless & Bluetooth Windows iOS Mac Compatible,iball-mint-i5-wireless--bluetooth-windows-ios-mac-compatible,07-02-24,5,2749,",",1000,2230,1,5,,normal,Active,Inactive,Active
241,iBall Decibel Bluetooth 5.0 Wireless Headphpne,iball-decibel-bluetooth-50-wireless-headphpne,07-02-24,6,849,",",200,2240,1,10,,normal,Active,Inactive,Active
242,iBall UpBeat USB Headphone,iball-upbeat-usb-headphone,07-02-24,10,849,",",200,2248,1,10,,normal,Active,Inactive,Active
243,iBall Decor 9-2.0 USB Speaker,iball-decor-9-20-usb-speaker,07-02-24,0,425,"2:415,5:410,",350,2255,1,10,,normal,Active,Inactive,Active
244,iBall Musi Jam TWS Stereo Bluetooth Portable Speaker,iball-musi-jam-tws-stereo-bluetooth-portable-speaker,07-02-24,10,1349,",",580,2258,1,5,,normal,Active,Inactive,Active
245,iBall Piano 423 4 Port USB Hub ,iball-piano-423-4-port-usb-hub-,07-02-24,20,330,",",50,2264,2,20,,normal,Active,Inactive,Active
246,iBall CR24 Card Reader,iball-cr24-card-reader,07-02-24,0,249,",",50,2268,1,10,,normal,Active,Inactive,Active
247,iBall LS-392 Wired Bar Code Scanner,iball-ls-392-wired-bar-code-scanner,07-02-24,10,1499,",",225,2272,1,5,,normal,Active,Inactive,Active
248,iBall WBS-650MV Wireless Bar Code Scanner,iball-wbs-650mv-wireless-bar-code-scanner,07-02-24,9,2699,",",400,2278,1,5,,normal,Active,Inactive,Active
249,iBall SMPS SPS-231,iball-smps-sps-231,12-03-24,7,749,",",500,2282,1,10,,normal,Active,Inactive,Active
250,HP M10 Usb Wired Mouse,hp-m10-usb-wired-mouse,17-02-24,50,199,"5:190,10:185,20:180,",100,2302,2,50,,normal,Active,Inactive,Active
251,HP S500 Wireless Mouse,hp-s500-wireless-mouse,17-02-24,36,449,"5:440,10:435,20:425,",100,2305,2,50,,normal,Active,Inactive,Active
252,HP 100 Usb Keyboard,hp-150-usb-keyboard,17-02-24,11,449,"5:435,10:425,",350,2308,2,20,,normal,Active,Inactive,Active
253,HP KM 180 Wired Mouse and Keyboard Combo,hp-km-180-wired-mouse-and-keyboard-combo,17-02-24,38,649,"5:640,10:630,",400,2312,2,10,,normal,Active,Inactive,Active
254,HP Wireless Mouse and Keyboard Combo,hp-km200-wireless-mouse-and-keyboard-combo,17-02-24,27,999,"5:949,",700,2316,1,20,,normal,Active,Inactive,Active
255,Dell MS116 Usb Mouse,dell-ms116-usb-mouse,17-02-24,38,239,"5:230,10:220,20:215,",100,2320,2,50,,normal,Active,Inactive,Active
256,Dell WM118 Wireless Mouse,dell-wm118-wireless-mouse,17-02-24,96,569,"5:560,10:545,20:535,",100,2324,1,50,,normal,Active,Inactive,Active
257,Dell KB216 Usb Keyboard,dell-kb216-usb-keyboard,17-02-24,45,489,"5:475,10:460,20:449,",300,2330,2,50,,normal,Active,Inactive,Active
258,Dell KM3322W Wireless KB + Mouse Combo,dell-km3322w-wireless-kb--mouse-combo,17-02-24,39,1149,"5:1099,10:1075,20:1049,",700,2334,1,20,,normal,Active,Inactive,Active
259,Logitech M90 Usb Mouse,logitech-m90-usb-mouse,17-02-24,25,239,"5:230,10:220,20:215,",100,2340,2,30,,normal,Active,Inactive,Active
260,Logiteck M171 Wireless Mouse,logiteck-m171-wireless-mouse,17-02-24,46,499,"5:480,10:470,20:460,",100,2344,1,20,,normal,Active,Inactive,Active
261,Logitech K120 Usb Keyboard,logitech-k120-usb-keyboard,17-02-24,36,499,"5:480,",450,2348,2,20,,normal,Active,Inactive,Active
